name, address
"Page Street Baptist Community Center","690 Page Street, San Francisco, CA"
"Fill Up America","1050 S. Van Ness, San Francisco, CA"
"Salvation Army Family Services, Mission","1156 Valencia, San Francisco, CA"
"Free the Need","21st Street and Shotwell Street, San Francisco, CA"
"Adult Protective Services","1650 Mission St, San Francisco, CA"
"Maxine Hall Health Center","1301 Pierece St, San Francisco, CA"
"Booker T. Washington Community Svce Center","800 Presidio, San Francisco, CA"
"Project Open Hand","730 Polk St, San Francisco, CA"


