Name, Address
"The Sanctuary","201 8th St, San Francisco, CA 94103"
"Ark of Refuge, INC","1025 Howard St, San Francisco, CA 94103"
"Homeless Alliance","1696 Haight St, San Francisco, CA 94117"
"Aranda Residence","64 Turk St, San Francisco, CA 94102"
"Compass Family Services","49 Powell St, San Francisco, CA 94102"
"Next Door Shelter","1001 Polk St, San Francisco, CA 94109"
"Samaritan House","295 N Access Rd, South San Francisco, CA 94080"
"United Council of Human Services","2111 Jennings St, San Francisco, CA 94124"
"Bay Area Rescue Mission","200 Macdonald Ave, Richmond, CA 94801"
"LifeMoves Family Crossroads","50 Hillcrest Dr #8, Daly City, CA 94014"
"LifeMoves Maple Street","1580 Maple St, Redwood City, CA 94063"
